{"files":{"calculation2.html":{"frameworks":["pg.insight.events","pg.asset.manager","pg.project.items","pg.image.overlay","pg.code-validator","bs3.3.7","pg.html","pg.components"],"last_page_width":1024},"index.html":{"frameworks":["pg.insight.events","pg.image.overlay","pg.code-validator","pg.project.items","pg.asset.manager","bs3.3.7","pg.html","pg.components"],"last_page_width":1024}},"breakpoints":["480px","768px","992px","1200px"],"frameworks":["pg.insight.events","pg.image.overlay","pg.code-validator","pg.project.items","pg.asset.manager","bs3.3.7","pg.html","pg.components"],"template_framework_id":"bootstrap"}